,count,mean,std,min,max,ADF Statistic,p-value
Unnamed: 1,1510,107.9432369914276,42.046193991795306,37.68349838256836,186.57049560546875,-1.6924403732926432,0.4350115726810161
